Sexo;Provincias;Municipios;Edad (grupos quinquenales);Periodo;Total
Total;28 Madrid;28001 Acebeda, La;De 0 a 4 años;1 de enero de 2021;0
Total;28 Madrid;28001 Acebeda, La;De 5 a 9 años;1 de enero de 2021;1
Total;28 Madrid;28001 Acebeda, La;De 10 a 14 años  ;1 de enero de 2021;1
Total;28 Madrid;28001 Acebeda, La;De 15 a 19 años  ;1 de enero de 2021;1
Total;28 Madrid;28001 Acebeda, La;De 20 a 24 años;1 de enero de 2021;1
Total;28 Madrid;28001 Acebeda, La;De 25 a 29 años;1 de enero de 2021;0
Total;28 Madrid;28001 Acebeda, La;De 30 a 34 años;1 de enero de 2021;2
Total;28 Madrid;28001 Acebeda, La;De 35 a 39 años;1 de enero de 2021;2
Total;28 Madrid;28001 Acebeda, La;De 40 a 44 años;1 de enero de 2021;1
Total;28 Madrid;28001 Acebeda, La;De 45 a 49 años;1 de enero de 2021;4
Total;28 Madrid;28001 Acebeda, La;De 50 a 54 años;1 de enero de 2021;4
Total;28 Madrid;28001 Acebeda, La;De 55 a 59 años;1 de enero de 2021;4
Total;28 Madrid;28001 Acebeda, La;De 60 a 64 años;1 de enero de 2021;7
Total;28 Madrid;28001 Acebeda, La;De 65 a 69 años;1 de enero de 2021;10
Total;28 Madrid;28001 Acebeda, La;De 70 a 74 años  ;1 de enero de 2021;8
Total;28 Madrid;28001 Acebeda, La;De 75 a 79 años  ;1 de enero de 2021;2
Total;28 Madrid;28001 Acebeda, La;De 80 a 84 años  ;1 de enero de 2021;1
Total;28 Madrid;28001 Acebeda, La;De 85 a 89 años  ;1 de enero de 2021;4
Total;28 Madrid;28001 Acebeda, La;De 90 a 94 años  ;1 de enero de 2021;1
Total;28 Madrid;28001 Acebeda, La;De 95 a 99 años  ;1 de enero de 2021;1
Total;28 Madrid;28001 Acebeda, La;100 y más años;1 de enero de 2021;0
Total;28 Madrid;28003 Alameda del Valle;De 0 a 4 años;1 de enero de 2021;8
Total;28 Madrid;28003 Alameda del Valle;De 5 a 9 años;1 de enero de 2021;14
Total;28 Madrid;28003 Alameda del Valle;De 10 a 14 años  ;1 de enero de 2021;9
Total;28 Madrid;28003 Alameda del Valle;De 15 a 19 años  ;1 de enero de 2021;8
Total;28 Madrid;28003 Alameda del Valle;De 20 a 24 años;1 de enero de 2021;6
Total;28 Madrid;28003 Alameda del Valle;De 25 a 29 años;1 de enero de 2021;6
Total;28 Madrid;28003 Alameda del Valle;De 30 a 34 años;1 de enero de 2021;10
Total;28 Madrid;28003 Alameda del Valle;De 35 a 39 años;1 de enero de 2021;11
Total;28 Madrid;28003 Alameda del Valle;De 40 a 44 años;1 de enero de 2021;21
Total;28 Madrid;28003 Alameda del Valle;De 45 a 49 años;1 de enero de 2021;17
Total;28 Madrid;28003 Alameda del Valle;De 50 a 54 años;1 de enero de 2021;31
Total;28 Madrid;28003 Alameda del Valle;De 55 a 59 años;1 de enero de 2021;29
Total;28 Madrid;28003 Alameda del Valle;De 60 a 64 años;1 de enero de 2021;24
Total;28 Madrid;28003 Alameda del Valle;De 65 a 69 años;1 de enero de 2021;10
Total;28 Madrid;28003 Alameda del Valle;De 70 a 74 años  ;1 de enero de 2021;16
Total;28 Madrid;28003 Alameda del Valle;De 75 a 79 años  ;1 de enero de 2021;11
Total;28 Madrid;28003 Alameda del Valle;De 80 a 84 años  ;1 de enero de 2021;7
Total;28 Madrid;28003 Alameda del Valle;De 85 a 89 años  ;1 de enero de 2021;5
Total;28 Madrid;28003 Alameda del Valle;De 90 a 94 años  ;1 de enero de 2021;3
Total;28 Madrid;28003 Alameda del Valle;De 95 a 99 años  ;1 de enero de 2021;0
Total;28 Madrid;28003 Alameda del Valle;100 y más años;1 de enero de 2021;0
Total;28 Madrid;28016 Atazar, El;De 0 a 4 años;1 de enero de 2021;2
Total;28 Madrid;28016 Atazar, El;De 5 a 9 años;1 de enero de 2021;4
Total;28 Madrid;28016 Atazar, El;De 10 a 14 años  ;1 de enero de 2021;4
Total;28 Madrid;28016 Atazar, El;De 15 a 19 años  ;1 de enero de 2021;7
Total;28 Madrid;28016 Atazar, El;De 20 a 24 años;1 de enero de 2021;4
Total;28 Madrid;28016 Atazar, El;De 25 a 29 años;1 de enero de 2021;4
Total;28 Madrid;28016 Atazar, El;De 30 a 34 años;1 de enero de 2021;2
Total;28 Madrid;28016 Atazar, El;De 35 a 39 años;1 de enero de 2021;6
Total;28 Madrid;28016 Atazar, El;De 40 a 44 años;1 de enero de 2021;8
Total;28 Madrid;28016 Atazar, El;De 45 a 49 años;1 de enero de 2021;9
Total;28 Madrid;28016 Atazar, El;De 50 a 54 años;1 de enero de 2021;19
Total;28 Madrid;28016 Atazar, El;De 55 a 59 años;1 de enero de 2021;9
Total;28 Madrid;28016 Atazar, El;De 60 a 64 años;1 de enero de 2021;9
Total;28 Madrid;28016 Atazar, El;De 65 a 69 años;1 de enero de 2021;5
Total;28 Madrid;28016 Atazar, El;De 70 a 74 años  ;1 de enero de 2021;2
Total;28 Madrid;28016 Atazar, El;De 75 a 79 años  ;1 de enero de 2021;6
Total;28 Madrid;28016 Atazar, El;De 80 a 84 años  ;1 de enero de 2021;4
Total;28 Madrid;28016 Atazar, El;De 85 a 89 años  ;1 de enero de 2021;5
Total;28 Madrid;28016 Atazar, El;De 90 a 94 años  ;1 de enero de 2021;0
Total;28 Madrid;28016 Atazar, El;De 95 a 99 años  ;1 de enero de 2021;0
Total;28 Madrid;28016 Atazar, El;100 y más años;1 de enero de 2021;0
Total;28 Madrid;28021 Berrueco, El;De 0 a 4 años;1 de enero de 2021;38
Total;28 Madrid;28021 Berrueco, El;De 5 a 9 años;1 de enero de 2021;56
Total;28 Madrid;28021 Berrueco, El;De 10 a 14 años  ;1 de enero de 2021;29
Total;28 Madrid;28021 Berrueco, El;De 15 a 19 años  ;1 de enero de 2021;26
Total;28 Madrid;28021 Berrueco, El;De 20 a 24 años;1 de enero de 2021;32
Total;28 Madrid;28021 Berrueco, El;De 25 a 29 años;1 de enero de 2021;25
Total;28 Madrid;28021 Berrueco, El;De 30 a 34 años;1 de enero de 2021;35
Total;28 Madrid;28021 Berrueco, El;De 35 a 39 años;1 de enero de 2021;57
Total;28 Madrid;28021 Berrueco, El;De 40 a 44 años;1 de enero de 2021;77
Total;28 Madrid;28021 Berrueco, El;De 45 a 49 años;1 de enero de 2021;68
Total;28 Madrid;28021 Berrueco, El;De 50 a 54 años;1 de enero de 2021;57
Total;28 Madrid;28021 Berrueco, El;De 55 a 59 años;1 de enero de 2021;47
Total;28 Madrid;28021 Berrueco, El;De 60 a 64 años;1 de enero de 2021;61
Total;28 Madrid;28021 Berrueco, El;De 65 a 69 años;1 de enero de 2021;48
Total;28 Madrid;28021 Berrueco, El;De 70 a 74 años  ;1 de enero de 2021;42
Total;28 Madrid;28021 Berrueco, El;De 75 a 79 años  ;1 de enero de 2021;37
Total;28 Madrid;28021 Berrueco, El;De 80 a 84 años  ;1 de enero de 2021;20
Total;28 Madrid;28021 Berrueco, El;De 85 a 89 años  ;1 de enero de 2021;24
Total;28 Madrid;28021 Berrueco, El;De 90 a 94 años  ;1 de enero de 2021;13
Total;28 Madrid;28021 Berrueco, El;De 95 a 99 años  ;1 de enero de 2021;4
Total;28 Madrid;28021 Berrueco, El;100 y más años;1 de enero de 2021;0
Total;28 Madrid;28020 Berzosa del Lozoya;De 0 a 4 años;1 de enero de 2021;2
Total;28 Madrid;28020 Berzosa del Lozoya;De 5 a 9 años;1 de enero de 2021;3
Total;28 Madrid;28020 Berzosa del Lozoya;De 10 a 14 años  ;1 de enero de 2021;17
Total;28 Madrid;28020 Berzosa del Lozoya;De 15 a 19 años  ;1 de enero de 2021;12
Total;28 Madrid;28020 Berzosa del Lozoya;De 20 a 24 años;1 de enero de 2021;16
Total;28 Madrid;28020 Berzosa del Lozoya;De 25 a 29 años;1 de enero de 2021;7
Total;28 Madrid;28020 Berzosa del Lozoya;De 30 a 34 años;1 de enero de 2021;9
Total;28 Madrid;28020 Berzosa del Lozoya;De 35 a 39 años;1 de enero de 2021;2
Total;28 Madrid;28020 Berzosa del Lozoya;De 40 a 44 años;1 de enero de 2021;12
Total;28 Madrid;28020 Berzosa del Lozoya;De 45 a 49 años;1 de enero de 2021;11
Total;28 Madrid;28020 Berzosa del Lozoya;De 50 a 54 años;1 de enero de 2021;24
Total;28 Madrid;28020 Berzosa del Lozoya;De 55 a 59 años;1 de enero de 2021;20
Total;28 Madrid;28020 Berzosa del Lozoya;De 60 a 64 años;1 de enero de 2021;19
Total;28 Madrid;28020 Berzosa del Lozoya;De 65 a 69 años;1 de enero de 2021;19
Total;28 Madrid;28020 Berzosa del Lozoya;De 70 a 74 años  ;1 de enero de 2021;11
Total;28 Madrid;28020 Berzosa del Lozoya;De 75 a 79 años  ;1 de enero de 2021;8
Total;28 Madrid;28020 Berzosa del Lozoya;De 80 a 84 años  ;1 de enero de 2021;6
Total;28 Madrid;28020 Berzosa del Lozoya;De 85 a 89 años  ;1 de enero de 2021;3
Total;28 Madrid;28020 Berzosa del Lozoya;De 90 a 94 años  ;1 de enero de 2021;7
Total;28 Madrid;28020 Berzosa del Lozoya;De 95 a 99 años  ;1 de enero de 2021;7
Total;28 Madrid;28020 Berzosa del Lozoya;100 y más años;1 de enero de 2021;1
Total;28 Madrid;28024 Braojos;De 0 a 4 años;1 de enero de 2021;8
Total;28 Madrid;28024 Braojos;De 5 a 9 años;1 de enero de 2021;4
Total;28 Madrid;28024 Braojos;De 10 a 14 años  ;1 de enero de 2021;8
Total;28 Madrid;28024 Braojos;De 15 a 19 años  ;1 de enero de 2021;12
Total;28 Madrid;28024 Braojos;De 20 a 24 años;1 de enero de 2021;16
Total;28 Madrid;28024 Braojos;De 25 a 29 años;1 de enero de 2021;16
Total;28 Madrid;28024 Braojos;De 30 a 34 años;1 de enero de 2021;8
Total;28 Madrid;28024 Braojos;De 35 a 39 años;1 de enero de 2021;13
Total;28 Madrid;28024 Braojos;De 40 a 44 años;1 de enero de 2021;23
Total;28 Madrid;28024 Braojos;De 45 a 49 años;1 de enero de 2021;15
Total;28 Madrid;28024 Braojos;De 50 a 54 años;1 de enero de 2021;19
Total;28 Madrid;28024 Braojos;De 55 a 59 años;1 de enero de 2021;24
Total;28 Madrid;28024 Braojos;De 60 a 64 años;1 de enero de 2021;11
Total;28 Madrid;28024 Braojos;De 65 a 69 años;1 de enero de 2021;10
Total;28 Madrid;28024 Braojos;De 70 a 74 años  ;1 de enero de 2021;9
Total;28 Madrid;28024 Braojos;De 75 a 79 años  ;1 de enero de 2021;6
Total;28 Madrid;28024 Braojos;De 80 a 84 años  ;1 de enero de 2021;5
Total;28 Madrid;28024 Braojos;De 85 a 89 años  ;1 de enero de 2021;6
Total;28 Madrid;28024 Braojos;De 90 a 94 años  ;1 de enero de 2021;5
Total;28 Madrid;28024 Braojos;De 95 a 99 años  ;1 de enero de 2021;0
Total;28 Madrid;28024 Braojos;100 y más años;1 de enero de 2021;0
Total;28 Madrid;28027 Buitrago del Lozoya;De 0 a 4 años;1 de enero de 2021;70
Total;28 Madrid;28027 Buitrago del Lozoya;De 5 a 9 años;1 de enero de 2021;116
Total;28 Madrid;28027 Buitrago del Lozoya;De 10 a 14 años  ;1 de enero de 2021;113
Total;28 Madrid;28027 Buitrago del Lozoya;De 15 a 19 años  ;1 de enero de 2021;121
Total;28 Madrid;28027 Buitrago del Lozoya;De 20 a 24 años;1 de enero de 2021;106
Total;28 Madrid;28027 Buitrago del Lozoya;De 25 a 29 años;1 de enero de 2021;101
Total;28 Madrid;28027 Buitrago del Lozoya;De 30 a 34 años;1 de enero de 2021;110
Total;28 Madrid;28027 Buitrago del Lozoya;De 35 a 39 años;1 de enero de 2021;124
Total;28 Madrid;28027 Buitrago del Lozoya;De 40 a 44 años;1 de enero de 2021;152
Total;28 Madrid;28027 Buitrago del Lozoya;De 45 a 49 años;1 de enero de 2021;166
Total;28 Madrid;28027 Buitrago del Lozoya;De 50 a 54 años;1 de enero de 2021;153
Total;28 Madrid;28027 Buitrago del Lozoya;De 55 a 59 años;1 de enero de 2021;131
Total;28 Madrid;28027 Buitrago del Lozoya;De 60 a 64 años;1 de enero de 2021;106
Total;28 Madrid;28027 Buitrago del Lozoya;De 65 a 69 años;1 de enero de 2021;88
Total;28 Madrid;28027 Buitrago del Lozoya;De 70 a 74 años  ;1 de enero de 2021;72
Total;28 Madrid;28027 Buitrago del Lozoya;De 75 a 79 años  ;1 de enero de 2021;54
Total;28 Madrid;28027 Buitrago del Lozoya;De 80 a 84 años  ;1 de enero de 2021;67
Total;28 Madrid;28027 Buitrago del Lozoya;De 85 a 89 años  ;1 de enero de 2021;41
Total;28 Madrid;28027 Buitrago del Lozoya;De 90 a 94 años  ;1 de enero de 2021;32
Total;28 Madrid;28027 Buitrago del Lozoya;De 95 a 99 años  ;1 de enero de 2021;15
Total;28 Madrid;28027 Buitrago del Lozoya;100 y más años;1 de enero de 2021;2
Total;28 Madrid;28028 Bustarviejo;De 0 a 4 años;1 de enero de 2021;91
Total;28 Madrid;28028 Bustarviejo;De 5 a 9 años;1 de enero de 2021;164
Total;28 Madrid;28028 Bustarviejo;De 10 a 14 años  ;1 de enero de 2021;169
Total;28 Madrid;28028 Bustarviejo;De 15 a 19 años  ;1 de enero de 2021;129
Total;28 Madrid;28028 Bustarviejo;De 20 a 24 años;1 de enero de 2021;97
Total;28 Madrid;28028 Bustarviejo;De 25 a 29 años;1 de enero de 2021;108
Total;28 Madrid;28028 Bustarviejo;De 30 a 34 años;1 de enero de 2021;142
Total;28 Madrid;28028 Bustarviejo;De 35 a 39 años;1 de enero de 2021;189
Total;28 Madrid;28028 Bustarviejo;De 40 a 44 años;1 de enero de 2021;270
Total;28 Madrid;28028 Bustarviejo;De 45 a 49 años;1 de enero de 2021;289
Total;28 Madrid;28028 Bustarviejo;De 50 a 54 años;1 de enero de 2021;248
Total;28 Madrid;28028 Bustarviejo;De 55 a 59 años;1 de enero de 2021;223
Total;28 Madrid;28028 Bustarviejo;De 60 a 64 años;1 de enero de 2021;166
Total;28 Madrid;28028 Bustarviejo;De 65 a 69 años;1 de enero de 2021;114
Total;28 Madrid;28028 Bustarviejo;De 70 a 74 años  ;1 de enero de 2021;88
Total;28 Madrid;28028 Bustarviejo;De 75 a 79 años  ;1 de enero de 2021;78
Total;28 Madrid;28028 Bustarviejo;De 80 a 84 años  ;1 de enero de 2021;48
Total;28 Madrid;28028 Bustarviejo;De 85 a 89 años  ;1 de enero de 2021;55
Total;28 Madrid;28028 Bustarviejo;De 90 a 94 años  ;1 de enero de 2021;26
Total;28 Madrid;28028 Bustarviejo;De 95 a 99 años  ;1 de enero de 2021;6
Total;28 Madrid;28028 Bustarviejo;100 y más años;1 de enero de 2021;1
Total;28 Madrid;28029 Cabanillas de la Sierra;De 0 a 4 años;1 de enero de 2021;37
Total;28 Madrid;28029 Cabanillas de la Sierra;De 5 a 9 años;1 de enero de 2021;41
Total;28 Madrid;28029 Cabanillas de la Sierra;De 10 a 14 años  ;1 de enero de 2021;50
Total;28 Madrid;28029 Cabanillas de la Sierra;De 15 a 19 años  ;1 de enero de 2021;48
Total;28 Madrid;28029 Cabanillas de la Sierra;De 20 a 24 años;1 de enero de 2021;41
Total;28 Madrid;28029 Cabanillas de la Sierra;De 25 a 29 años;1 de enero de 2021;34
Total;28 Madrid;28029 Cabanillas de la Sierra;De 30 a 34 años;1 de enero de 2021;33
Total;28 Madrid;28029 Cabanillas de la Sierra;De 35 a 39 años;1 de enero de 2021;54
Total;28 Madrid;28029 Cabanillas de la Sierra;De 40 a 44 años;1 de enero de 2021;88
Total;28 Madrid;28029 Cabanillas de la Sierra;De 45 a 49 años;1 de enero de 2021;85
Total;28 Madrid;28029 Cabanillas de la Sierra;De 50 a 54 años;1 de enero de 2021;81
Total;28 Madrid;28029 Cabanillas de la Sierra;De 55 a 59 años;1 de enero de 2021;56
Total;28 Madrid;28029 Cabanillas de la Sierra;De 60 a 64 años;1 de enero de 2021;61
Total;28 Madrid;28029 Cabanillas de la Sierra;De 65 a 69 años;1 de enero de 2021;30
Total;28 Madrid;28029 Cabanillas de la Sierra;De 70 a 74 años  ;1 de enero de 2021;18
Total;28 Madrid;28029 Cabanillas de la Sierra;De 75 a 79 años  ;1 de enero de 2021;31
Total;28 Madrid;28029 Cabanillas de la Sierra;De 80 a 84 años  ;1 de enero de 2021;27
Total;28 Madrid;28029 Cabanillas de la Sierra;De 85 a 89 años  ;1 de enero de 2021;11
Total;28 Madrid;28029 Cabanillas de la Sierra;De 90 a 94 años  ;1 de enero de 2021;11
Total;28 Madrid;28029 Cabanillas de la Sierra;De 95 a 99 años  ;1 de enero de 2021;0
Total;28 Madrid;28029 Cabanillas de la Sierra;100 y más años;1 de enero de 2021;0
Total;28 Madrid;28030 Cabrera, La;De 0 a 4 años;1 de enero de 2021;83
Total;28 Madrid;28030 Cabrera, La;De 5 a 9 años;1 de enero de 2021;139
Total;28 Madrid;28030 Cabrera, La;De 10 a 14 años  ;1 de enero de 2021;176
Total;28 Madrid;28030 Cabrera, La;De 15 a 19 años  ;1 de enero de 2021;155
Total;28 Madrid;28030 Cabrera, La;De 20 a 24 años;1 de enero de 2021;162
Total;28 Madrid;28030 Cabrera, La;De 25 a 29 años;1 de enero de 2021;114
Total;28 Madrid;28030 Cabrera, La;De 30 a 34 años;1 de enero de 2021;152
Total;28 Madrid;28030 Cabrera, La;De 35 a 39 años;1 de enero de 2021;173
Total;28 Madrid;28030 Cabrera, La;De 40 a 44 años;1 de enero de 2021;271
Total;28 Madrid;28030 Cabrera, La;De 45 a 49 años;1 de enero de 2021;254
Total;28 Madrid;28030 Cabrera, La;De 50 a 54 años;1 de enero de 2021;247
Total;28 Madrid;28030 Cabrera, La;De 55 a 59 años;1 de enero de 2021;216
Total;28 Madrid;28030 Cabrera, La;De 60 a 64 años;1 de enero de 2021;150
Total;28 Madrid;28030 Cabrera, La;De 65 a 69 años;1 de enero de 2021;141
Total;28 Madrid;28030 Cabrera, La;De 70 a 74 años  ;1 de enero de 2021;89
Total;28 Madrid;28030 Cabrera, La;De 75 a 79 años  ;1 de enero de 2021;98
Total;28 Madrid;28030 Cabrera, La;De 80 a 84 años  ;1 de enero de 2021;75
Total;28 Madrid;28030 Cabrera, La;De 85 a 89 años  ;1 de enero de 2021;48
Total;28 Madrid;28030 Cabrera, La;De 90 a 94 años  ;1 de enero de 2021;25
Total;28 Madrid;28030 Cabrera, La;De 95 a 99 años  ;1 de enero de 2021;12
Total;28 Madrid;28030 Cabrera, La;100 y más años;1 de enero de 2021;2
Total;28 Madrid;28034 Canencia;De 0 a 4 años;1 de enero de 2021;11
Total;28 Madrid;28034 Canencia;De 5 a 9 años;1 de enero de 2021;10
Total;28 Madrid;28034 Canencia;De 10 a 14 años  ;1 de enero de 2021;15
Total;28 Madrid;28034 Canencia;De 15 a 19 años  ;1 de enero de 2021;24
Total;28 Madrid;28034 Canencia;De 20 a 24 años;1 de enero de 2021;27
Total;28 Madrid;28034 Canencia;De 25 a 29 años;1 de enero de 2021;11
Total;28 Madrid;28034 Canencia;De 30 a 34 años;1 de enero de 2021;15
Total;28 Madrid;28034 Canencia;De 35 a 39 años;1 de enero de 2021;18
Total;28 Madrid;28034 Canencia;De 40 a 44 años;1 de enero de 2021;22
Total;28 Madrid;28034 Canencia;De 45 a 49 años;1 de enero de 2021;30
Total;28 Madrid;28034 Canencia;De 50 a 54 años;1 de enero de 2021;56
Total;28 Madrid;28034 Canencia;De 55 a 59 años;1 de enero de 2021;54
Total;28 Madrid;28034 Canencia;De 60 a 64 años;1 de enero de 2021;44
Total;28 Madrid;28034 Canencia;De 65 a 69 años;1 de enero de 2021;26
Total;28 Madrid;28034 Canencia;De 70 a 74 años  ;1 de enero de 2021;13
Total;28 Madrid;28034 Canencia;De 75 a 79 años  ;1 de enero de 2021;26
Total;28 Madrid;28034 Canencia;De 80 a 84 años  ;1 de enero de 2021;21
Total;28 Madrid;28034 Canencia;De 85 a 89 años  ;1 de enero de 2021;22
Total;28 Madrid;28034 Canencia;De 90 a 94 años  ;1 de enero de 2021;10
Total;28 Madrid;28034 Canencia;De 95 a 99 años  ;1 de enero de 2021;6
Total;28 Madrid;28034 Canencia;100 y más años;1 de enero de 2021;0
Total;28 Madrid;28039 Cervera de Buitrago;De 0 a 4 años;1 de enero de 2021;1
Total;28 Madrid;28039 Cervera de Buitrago;De 5 a 9 años;1 de enero de 2021;4
Total;28 Madrid;28039 Cervera de Buitrago;De 10 a 14 años  ;1 de enero de 2021;5
Total;28 Madrid;28039 Cervera de Buitrago;De 15 a 19 años  ;1 de enero de 2021;5
Total;28 Madrid;28039 Cervera de Buitrago;De 20 a 24 años;1 de enero de 2021;7
Total;28 Madrid;28039 Cervera de Buitrago;De 25 a 29 años;1 de enero de 2021;3
Total;28 Madrid;28039 Cervera de Buitrago;De 30 a 34 años;1 de enero de 2021;3
Total;28 Madrid;28039 Cervera de Buitrago;De 35 a 39 años;1 de enero de 2021;8
Total;28 Madrid;28039 Cervera de Buitrago;De 40 a 44 años;1 de enero de 2021;10
Total;28 Madrid;28039 Cervera de Buitrago;De 45 a 49 años;1 de enero de 2021;19
Total;28 Madrid;28039 Cervera de Buitrago;De 50 a 54 años;1 de enero de 2021;16
Total;28 Madrid;28039 Cervera de Buitrago;De 55 a 59 años;1 de enero de 2021;21
Total;28 Madrid;28039 Cervera de Buitrago;De 60 a 64 años;1 de enero de 2021;10
Total;28 Madrid;28039 Cervera de Buitrago;De 65 a 69 años;1 de enero de 2021;7
Total;28 Madrid;28039 Cervera de Buitrago;De 70 a 74 años  ;1 de enero de 2021;8
Total;28 Madrid;28039 Cervera de Buitrago;De 75 a 79 años  ;1 de enero de 2021;15
Total;28 Madrid;28039 Cervera de Buitrago;De 80 a 84 años  ;1 de enero de 2021;8
Total;28 Madrid;28039 Cervera de Buitrago;De 85 a 89 años  ;1 de enero de 2021;6
Total;28 Madrid;28039 Cervera de Buitrago;De 90 a 94 años  ;1 de enero de 2021;2
Total;28 Madrid;28039 Cervera de Buitrago;De 95 a 99 años  ;1 de enero de 2021;0
Total;28 Madrid;28039 Cervera de Buitrago;100 y más años;1 de enero de 2021;0
Total;28 Madrid;28062 Garganta de los Montes;De 0 a 4 años;1 de enero de 2021;15
Total;28 Madrid;28062 Garganta de los Montes;De 5 a 9 años;1 de enero de 2021;12
Total;28 Madrid;28062 Garganta de los Montes;De 10 a 14 años  ;1 de enero de 2021;11
Total;28 Madrid;28062 Garganta de los Montes;De 15 a 19 años  ;1 de enero de 2021;17
Total;28 Madrid;28062 Garganta de los Montes;De 20 a 24 años;1 de enero de 2021;14
Total;28 Madrid;28062 Garganta de los Montes;De 25 a 29 años;1 de enero de 2021;21
Total;28 Madrid;28062 Garganta de los Montes;De 30 a 34 años;1 de enero de 2021;24
Total;28 Madrid;28062 Garganta de los Montes;De 35 a 39 años;1 de enero de 2021;33
Total;28 Madrid;28062 Garganta de los Montes;De 40 a 44 años;1 de enero de 2021;32
Total;28 Madrid;28062 Garganta de los Montes;De 45 a 49 años;1 de enero de 2021;41
Total;28 Madrid;28062 Garganta de los Montes;De 50 a 54 años;1 de enero de 2021;35
Total;28 Madrid;28062 Garganta de los Montes;De 55 a 59 años;1 de enero de 2021;33
Total;28 Madrid;28062 Garganta de los Montes;De 60 a 64 años;1 de enero de 2021;39
Total;28 Madrid;28062 Garganta de los Montes;De 65 a 69 años;1 de enero de 2021;33
Total;28 Madrid;28062 Garganta de los Montes;De 70 a 74 años  ;1 de enero de 2021;14
Total;28 Madrid;28062 Garganta de los Montes;De 75 a 79 años  ;1 de enero de 2021;16
Total;28 Madrid;28062 Garganta de los Montes;De 80 a 84 años  ;1 de enero de 2021;10
Total;28 Madrid;28062 Garganta de los Montes;De 85 a 89 años  ;1 de enero de 2021;7
Total;28 Madrid;28062 Garganta de los Montes;De 90 a 94 años  ;1 de enero de 2021;3
Total;28 Madrid;28062 Garganta de los Montes;De 95 a 99 años  ;1 de enero de 2021;1
Total;28 Madrid;28062 Garganta de los Montes;100 y más años;1 de enero de 2021;0
Total;28 Madrid;28063 Gargantilla del Lozoya y Pinilla de Buitrago;De 0 a 4 años;1 de enero de 2021;4
Total;28 Madrid;28063 Gargantilla del Lozoya y Pinilla de Buitrago;De 5 a 9 años;1 de enero de 2021;12
Total;28 Madrid;28063 Gargantilla del Lozoya y Pinilla de Buitrago;De 10 a 14 años  ;1 de enero de 2021;23
Total;28 Madrid;28063 Gargantilla del Lozoya y Pinilla de Buitrago;De 15 a 19 años  ;1 de enero de 2021;12
Total;28 Madrid;28063 Gargantilla del Lozoya y Pinilla de Buitrago;De 20 a 24 años;1 de enero de 2021;10
Total;28 Madrid;28063 Gargantilla del Lozoya y Pinilla de Buitrago;De 25 a 29 años;1 de enero de 2021;9
Total;28 Madrid;28063 Gargantilla del Lozoya y Pinilla de Buitrago;De 30 a 34 años;1 de enero de 2021;15
Total;28 Madrid;28063 Gargantilla del Lozoya y Pinilla de Buitrago;De 35 a 39 años;1 de enero de 2021;23
Total;28 Madrid;28063 Gargantilla del Lozoya y Pinilla de Buitrago;De 40 a 44 años;1 de enero de 2021;20
Total;28 Madrid;28063 Gargantilla del Lozoya y Pinilla de Buitrago;De 45 a 49 años;1 de enero de 2021;39
Total;28 Madrid;28063 Gargantilla del Lozoya y Pinilla de Buitrago;De 50 a 54 años;1 de enero de 2021;43
Total;28 Madrid;28063 Gargantilla del Lozoya y Pinilla de Buitrago;De 55 a 59 años;1 de enero de 2021;32
Total;28 Madrid;28063 Gargantilla del Lozoya y Pinilla de Buitrago;De 60 a 64 años;1 de enero de 2021;29
Total;28 Madrid;28063 Gargantilla del Lozoya y Pinilla de Buitrago;De 65 a 69 años;1 de enero de 2021;20
Total;28 Madrid;28063 Gargantilla del Lozoya y Pinilla de Buitrago;De 70 a 74 años  ;1 de enero de 2021;23
Total;28 Madrid;28063 Gargantilla del Lozoya y Pinilla de Buitrago;De 75 a 79 años  ;1 de enero de 2021;10
Total;28 Madrid;28063 Gargantilla del Lozoya y Pinilla de Buitrago;De 80 a 84 años  ;1 de enero de 2021;10
Total;28 Madrid;28063 Gargantilla del Lozoya y Pinilla de Buitrago;De 85 a 89 años  ;1 de enero de 2021;5
Total;28 Madrid;28063 Gargantilla del Lozoya y Pinilla de Buitrago;De 90 a 94 años  ;1 de enero de 2021;4
Total;28 Madrid;28063 Gargantilla del Lozoya y Pinilla de Buitrago;De 95 a 99 años  ;1 de enero de 2021;1
Total;28 Madrid;28063 Gargantilla del Lozoya y Pinilla de Buitrago;100 y más años;1 de enero de 2021;0
Total;28 Madrid;28064 Gascones;De 0 a 4 años;1 de enero de 2021;4
Total;28 Madrid;28064 Gascones;De 5 a 9 años;1 de enero de 2021;7
Total;28 Madrid;28064 Gascones;De 10 a 14 años  ;1 de enero de 2021;17
Total;28 Madrid;28064 Gascones;De 15 a 19 años  ;1 de enero de 2021;8
Total;28 Madrid;28064 Gascones;De 20 a 24 años;1 de enero de 2021;9
Total;28 Madrid;28064 Gascones;De 25 a 29 años;1 de enero de 2021;14
Total;28 Madrid;28064 Gascones;De 30 a 34 años;1 de enero de 2021;13
Total;28 Madrid;28064 Gascones;De 35 a 39 años;1 de enero de 2021;11
Total;28 Madrid;28064 Gascones;De 40 a 44 años;1 de enero de 2021;12
Total;28 Madrid;28064 Gascones;De 45 a 49 años;1 de enero de 2021;14
Total;28 Madrid;28064 Gascones;De 50 a 54 años;1 de enero de 2021;18
Total;28 Madrid;28064 Gascones;De 55 a 59 años;1 de enero de 2021;17
Total;28 Madrid;28064 Gascones;De 60 a 64 años;1 de enero de 2021;12
Total;28 Madrid;28064 Gascones;De 65 a 69 años;1 de enero de 2021;14
Total;28 Madrid;28064 Gascones;De 70 a 74 años  ;1 de enero de 2021;8
Total;28 Madrid;28064 Gascones;De 75 a 79 años  ;1 de enero de 2021;9
Total;28 Madrid;28064 Gascones;De 80 a 84 años  ;1 de enero de 2021;1
Total;28 Madrid;28064 Gascones;De 85 a 89 años  ;1 de enero de 2021;2
Total;28 Madrid;28064 Gascones;De 90 a 94 años  ;1 de enero de 2021;1
Total;28 Madrid;28064 Gascones;De 95 a 99 años  ;1 de enero de 2021;0
Total;28 Madrid;28064 Gascones;100 y más años;1 de enero de 2021;0
Total;28 Madrid;28069 Hiruela, La;De 0 a 4 años;1 de enero de 2021;3
Total;28 Madrid;28069 Hiruela, La;De 5 a 9 años;1 de enero de 2021;2
Total;28 Madrid;28069 Hiruela, La;De 10 a 14 años  ;1 de enero de 2021;0
Total;28 Madrid;28069 Hiruela, La;De 15 a 19 años  ;1 de enero de 2021;1
Total;28 Madrid;28069 Hiruela, La;De 20 a 24 años;1 de enero de 2021;2
Total;28 Madrid;28069 Hiruela, La;De 25 a 29 años;1 de enero de 2021;1
Total;28 Madrid;28069 Hiruela, La;De 30 a 34 años;1 de enero de 2021;1
Total;28 Madrid;28069 Hiruela, La;De 35 a 39 años;1 de enero de 2021;7
Total;28 Madrid;28069 Hiruela, La;De 40 a 44 años;1 de enero de 2021;5
Total;28 Madrid;28069 Hiruela, La;De 45 a 49 años;1 de enero de 2021;6
Total;28 Madrid;28069 Hiruela, La;De 50 a 54 años;1 de enero de 2021;7
Total;28 Madrid;28069 Hiruela, La;De 55 a 59 años;1 de enero de 2021;9
Total;28 Madrid;28069 Hiruela, La;De 60 a 64 años;1 de enero de 2021;9
Total;28 Madrid;28069 Hiruela, La;De 65 a 69 años;1 de enero de 2021;7
Total;28 Madrid;28069 Hiruela, La;De 70 a 74 años  ;1 de enero de 2021;4
Total;28 Madrid;28069 Hiruela, La;De 75 a 79 años  ;1 de enero de 2021;4
Total;28 Madrid;28069 Hiruela, La;De 80 a 84 años  ;1 de enero de 2021;2
Total;28 Madrid;28069 Hiruela, La;De 85 a 89 años  ;1 de enero de 2021;2
Total;28 Madrid;28069 Hiruela, La;De 90 a 94 años  ;1 de enero de 2021;0
Total;28 Madrid;28069 Hiruela, La;De 95 a 99 años  ;1 de enero de 2021;0
Total;28 Madrid;28069 Hiruela, La;100 y más años;1 de enero de 2021;0
Total;28 Madrid;28070 Horcajo de la Sierra-Aoslos;De 0 a 4 años;1 de enero de 2021;3
Total;28 Madrid;28070 Horcajo de la Sierra-Aoslos;De 5 a 9 años;1 de enero de 2021;10
Total;28 Madrid;28070 Horcajo de la Sierra-Aoslos;De 10 a 14 años  ;1 de enero de 2021;13
Total;28 Madrid;28070 Horcajo de la Sierra-Aoslos;De 15 a 19 años  ;1 de enero de 2021;4
Total;28 Madrid;28070 Horcajo de la Sierra-Aoslos;De 20 a 24 años;1 de enero de 2021;3
Total;28 Madrid;28070 Horcajo de la Sierra-Aoslos;De 25 a 29 años;1 de enero de 2021;9
Total;28 Madrid;28070 Horcajo de la Sierra-Aoslos;De 30 a 34 años;1 de enero de 2021;8
Total;28 Madrid;28070 Horcajo de la Sierra-Aoslos;De 35 a 39 años;1 de enero de 2021;13
Total;28 Madrid;28070 Horcajo de la Sierra-Aoslos;De 40 a 44 años;1 de enero de 2021;21
Total;28 Madrid;28070 Horcajo de la Sierra-Aoslos;De 45 a 49 años;1 de enero de 2021;16
Total;28 Madrid;28070 Horcajo de la Sierra-Aoslos;De 50 a 54 años;1 de enero de 2021;10
Total;28 Madrid;28070 Horcajo de la Sierra-Aoslos;De 55 a 59 años;1 de enero de 2021;11
Total;28 Madrid;28070 Horcajo de la Sierra-Aoslos;De 60 a 64 años;1 de enero de 2021;12
Total;28 Madrid;28070 Horcajo de la Sierra-Aoslos;De 65 a 69 años;1 de enero de 2021;14
Total;28 Madrid;28070 Horcajo de la Sierra-Aoslos;De 70 a 74 años  ;1 de enero de 2021;11
Total;28 Madrid;28070 Horcajo de la Sierra-Aoslos;De 75 a 79 años  ;1 de enero de 2021;7
Total;28 Madrid;28070 Horcajo de la Sierra-Aoslos;De 80 a 84 años  ;1 de enero de 2021;2
Total;28 Madrid;28070 Horcajo de la Sierra-Aoslos;De 85 a 89 años  ;1 de enero de 2021;1
Total;28 Madrid;28070 Horcajo de la Sierra-Aoslos;De 90 a 94 años  ;1 de enero de 2021;1
Total;28 Madrid;28070 Horcajo de la Sierra-Aoslos;De 95 a 99 años  ;1 de enero de 2021;0
Total;28 Madrid;28070 Horcajo de la Sierra-Aoslos;100 y más años;1 de enero de 2021;1
Total;28 Madrid;28071 Horcajuelo de la Sierra;De 0 a 4 años;1 de enero de 2021;4
Total;28 Madrid;28071 Horcajuelo de la Sierra;De 5 a 9 años;1 de enero de 2021;3
Total;28 Madrid;28071 Horcajuelo de la Sierra;De 10 a 14 años  ;1 de enero de 2021;6
Total;28 Madrid;28071 Horcajuelo de la Sierra;De 15 a 19 años  ;1 de enero de 2021;2
Total;28 Madrid;28071 Horcajuelo de la Sierra;De 20 a 24 años;1 de enero de 2021;8
Total;28 Madrid;28071 Horcajuelo de la Sierra;De 25 a 29 años;1 de enero de 2021;4
Total;28 Madrid;28071 Horcajuelo de la Sierra;De 30 a 34 años;1 de enero de 2021;6
Total;28 Madrid;28071 Horcajuelo de la Sierra;De 35 a 39 años;1 de enero de 2021;5
Total;28 Madrid;28071 Horcajuelo de la Sierra;De 40 a 44 años;1 de enero de 2021;4
Total;28 Madrid;28071 Horcajuelo de la Sierra;De 45 a 49 años;1 de enero de 2021;11
Total;28 Madrid;28071 Horcajuelo de la Sierra;De 50 a 54 años;1 de enero de 2021;12
Total;28 Madrid;28071 Horcajuelo de la Sierra;De 55 a 59 años;1 de enero de 2021;7
Total;28 Madrid;28071 Horcajuelo de la Sierra;De 60 a 64 años;1 de enero de 2021;9
Total;28 Madrid;28071 Horcajuelo de la Sierra;De 65 a 69 años;1 de enero de 2021;6
Total;28 Madrid;28071 Horcajuelo de la Sierra;De 70 a 74 años  ;1 de enero de 2021;5
Total;28 Madrid;28071 Horcajuelo de la Sierra;De 75 a 79 años  ;1 de enero de 2021;9
Total;28 Madrid;28071 Horcajuelo de la Sierra;De 80 a 84 años  ;1 de enero de 2021;2
Total;28 Madrid;28071 Horcajuelo de la Sierra;De 85 a 89 años  ;1 de enero de 2021;1
Total;28 Madrid;28071 Horcajuelo de la Sierra;De 90 a 94 años  ;1 de enero de 2021;2
Total;28 Madrid;28071 Horcajuelo de la Sierra;De 95 a 99 años  ;1 de enero de 2021;0
Total;28 Madrid;28071 Horcajuelo de la Sierra;100 y más años;1 de enero de 2021;0
Total;28 Madrid;28076 Lozoya;De 0 a 4 años;1 de enero de 2021;16
Total;28 Madrid;28076 Lozoya;De 5 a 9 años;1 de enero de 2021;11
Total;28 Madrid;28076 Lozoya;De 10 a 14 años  ;1 de enero de 2021;17
Total;28 Madrid;28076 Lozoya;De 15 a 19 años  ;1 de enero de 2021;23
Total;28 Madrid;28076 Lozoya;De 20 a 24 años;1 de enero de 2021;20
Total;28 Madrid;28076 Lozoya;De 25 a 29 años;1 de enero de 2021;17
Total;28 Madrid;28076 Lozoya;De 30 a 34 años;1 de enero de 2021;37
Total;28 Madrid;28076 Lozoya;De 35 a 39 años;1 de enero de 2021;37
Total;28 Madrid;28076 Lozoya;De 40 a 44 años;1 de enero de 2021;38
Total;28 Madrid;28076 Lozoya;De 45 a 49 años;1 de enero de 2021;59
Total;28 Madrid;28076 Lozoya;De 50 a 54 años;1 de enero de 2021;59
Total;28 Madrid;28076 Lozoya;De 55 a 59 años;1 de enero de 2021;52
Total;28 Madrid;28076 Lozoya;De 60 a 64 años;1 de enero de 2021;49
Total;28 Madrid;28076 Lozoya;De 65 a 69 años;1 de enero de 2021;43
Total;28 Madrid;28076 Lozoya;De 70 a 74 años  ;1 de enero de 2021;43
Total;28 Madrid;28076 Lozoya;De 75 a 79 años  ;1 de enero de 2021;28
Total;28 Madrid;28076 Lozoya;De 80 a 84 años  ;1 de enero de 2021;21
Total;28 Madrid;28076 Lozoya;De 85 a 89 años  ;1 de enero de 2021;11
Total;28 Madrid;28076 Lozoya;De 90 a 94 años  ;1 de enero de 2021;7
Total;28 Madrid;28076 Lozoya;De 95 a 99 años  ;1 de enero de 2021;4
Total;28 Madrid;28076 Lozoya;100 y más años;1 de enero de 2021;1
Total;28 Madrid;28901 Lozoyuela-Navas-Sieteiglesias;De 0 a 4 años;1 de enero de 2021;40
Total;28 Madrid;28901 Lozoyuela-Navas-Sieteiglesias;De 5 a 9 años;1 de enero de 2021;80
Total;28 Madrid;28901 Lozoyuela-Navas-Sieteiglesias;De 10 a 14 años  ;1 de enero de 2021;78
Total;28 Madrid;28901 Lozoyuela-Navas-Sieteiglesias;De 15 a 19 años  ;1 de enero de 2021;65
Total;28 Madrid;28901 Lozoyuela-Navas-Sieteiglesias;De 20 a 24 años;1 de enero de 2021;71
Total;28 Madrid;28901 Lozoyuela-Navas-Sieteiglesias;De 25 a 29 años;1 de enero de 2021;57
Total;28 Madrid;28901 Lozoyuela-Navas-Sieteiglesias;De 30 a 34 años;1 de enero de 2021;74
Total;28 Madrid;28901 Lozoyuela-Navas-Sieteiglesias;De 35 a 39 años;1 de enero de 2021;79
Total;28 Madrid;28901 Lozoyuela-Navas-Sieteiglesias;De 40 a 44 años;1 de enero de 2021;138
Total;28 Madrid;28901 Lozoyuela-Navas-Sieteiglesias;De 45 a 49 años;1 de enero de 2021;150
Total;28 Madrid;28901 Lozoyuela-Navas-Sieteiglesias;De 50 a 54 años;1 de enero de 2021;127
Total;28 Madrid;28901 Lozoyuela-Navas-Sieteiglesias;De 55 a 59 años;1 de enero de 2021;86
Total;28 Madrid;28901 Lozoyuela-Navas-Sieteiglesias;De 60 a 64 años;1 de enero de 2021;84
Total;28 Madrid;28901 Lozoyuela-Navas-Sieteiglesias;De 65 a 69 años;1 de enero de 2021;59
Total;28 Madrid;28901 Lozoyuela-Navas-Sieteiglesias;De 70 a 74 años  ;1 de enero de 2021;59
Total;28 Madrid;28901 Lozoyuela-Navas-Sieteiglesias;De 75 a 79 años  ;1 de enero de 2021;51
Total;28 Madrid;28901 Lozoyuela-Navas-Sieteiglesias;De 80 a 84 años  ;1 de enero de 2021;45
Total;28 Madrid;28901 Lozoyuela-Navas-Sieteiglesias;De 85 a 89 años  ;1 de enero de 2021;33
Total;28 Madrid;28901 Lozoyuela-Navas-Sieteiglesias;De 90 a 94 años  ;1 de enero de 2021;21
Total;28 Madrid;28901 Lozoyuela-Navas-Sieteiglesias;De 95 a 99 años  ;1 de enero de 2021;8
Total;28 Madrid;28901 Lozoyuela-Navas-Sieteiglesias;100 y más años;1 de enero de 2021;2
Total;28 Madrid;28078 Madarcos;De 0 a 4 años;1 de enero de 2021;1
Total;28 Madrid;28078 Madarcos;De 5 a 9 años;1 de enero de 2021;3
Total;28 Madrid;28078 Madarcos;De 10 a 14 años  ;1 de enero de 2021;3
Total;28 Madrid;28078 Madarcos;De 15 a 19 años  ;1 de enero de 2021;2
Total;28 Madrid;28078 Madarcos;De 20 a 24 años;1 de enero de 2021;1
Total;28 Madrid;28078 Madarcos;De 25 a 29 años;1 de enero de 2021;3
Total;28 Madrid;28078 Madarcos;De 30 a 34 años;1 de enero de 2021;4
Total;28 Madrid;28078 Madarcos;De 35 a 39 años;1 de enero de 2021;3
Total;28 Madrid;28078 Madarcos;De 40 a 44 años;1 de enero de 2021;3
Total;28 Madrid;28078 Madarcos;De 45 a 49 años;1 de enero de 2021;4
Total;28 Madrid;28078 Madarcos;De 50 a 54 años;1 de enero de 2021;10
Total;28 Madrid;28078 Madarcos;De 55 a 59 años;1 de enero de 2021;3
Total;28 Madrid;28078 Madarcos;De 60 a 64 años;1 de enero de 2021;1
Total;28 Madrid;28078 Madarcos;De 65 a 69 años;1 de enero de 2021;4
Total;28 Madrid;28078 Madarcos;De 70 a 74 años  ;1 de enero de 2021;2
Total;28 Madrid;28078 Madarcos;De 75 a 79 años  ;1 de enero de 2021;2
Total;28 Madrid;28078 Madarcos;De 80 a 84 años  ;1 de enero de 2021;5
Total;28 Madrid;28078 Madarcos;De 85 a 89 años  ;1 de enero de 2021;2
Total;28 Madrid;28078 Madarcos;De 90 a 94 años  ;1 de enero de 2021;1
Total;28 Madrid;28078 Madarcos;De 95 a 99 años  ;1 de enero de 2021;0
Total;28 Madrid;28078 Madarcos;100 y más años;1 de enero de 2021;0
Total;28 Madrid;28088 Montejo de la Sierra;De 0 a 4 años;1 de enero de 2021;5
Total;28 Madrid;28088 Montejo de la Sierra;De 5 a 9 años;1 de enero de 2021;13
Total;28 Madrid;28088 Montejo de la Sierra;De 10 a 14 años  ;1 de enero de 2021;8
Total;28 Madrid;28088 Montejo de la Sierra;De 15 a 19 años  ;1 de enero de 2021;26
Total;28 Madrid;28088 Montejo de la Sierra;De 20 a 24 años;1 de enero de 2021;23
Total;28 Madrid;28088 Montejo de la Sierra;De 25 a 29 años;1 de enero de 2021;14
Total;28 Madrid;28088 Montejo de la Sierra;De 30 a 34 años;1 de enero de 2021;10
Total;28 Madrid;28088 Montejo de la Sierra;De 35 a 39 años;1 de enero de 2021;11
Total;28 Madrid;28088 Montejo de la Sierra;De 40 a 44 años;1 de enero de 2021;20
Total;28 Madrid;28088 Montejo de la Sierra;De 45 a 49 años;1 de enero de 2021;34
Total;28 Madrid;28088 Montejo de la Sierra;De 50 a 54 años;1 de enero de 2021;38
Total;28 Madrid;28088 Montejo de la Sierra;De 55 a 59 años;1 de enero de 2021;40
Total;28 Madrid;28088 Montejo de la Sierra;De 60 a 64 años;1 de enero de 2021;26
Total;28 Madrid;28088 Montejo de la Sierra;De 65 a 69 años;1 de enero de 2021;12
Total;28 Madrid;28088 Montejo de la Sierra;De 70 a 74 años  ;1 de enero de 2021;14
Total;28 Madrid;28088 Montejo de la Sierra;De 75 a 79 años  ;1 de enero de 2021;17
Total;28 Madrid;28088 Montejo de la Sierra;De 80 a 84 años  ;1 de enero de 2021;26
Total;28 Madrid;28088 Montejo de la Sierra;De 85 a 89 años  ;1 de enero de 2021;10
Total;28 Madrid;28088 Montejo de la Sierra;De 90 a 94 años  ;1 de enero de 2021;12
Total;28 Madrid;28088 Montejo de la Sierra;De 95 a 99 años  ;1 de enero de 2021;4
Total;28 Madrid;28088 Montejo de la Sierra;100 y más años;1 de enero de 2021;2
Total;28 Madrid;28094 Navalafuente;De 0 a 4 años;1 de enero de 2021;86
Total;28 Madrid;28094 Navalafuente;De 5 a 9 años;1 de enero de 2021;95
Total;28 Madrid;28094 Navalafuente;De 10 a 14 años  ;1 de enero de 2021;87
Total;28 Madrid;28094 Navalafuente;De 15 a 19 años  ;1 de enero de 2021;83
Total;28 Madrid;28094 Navalafuente;De 20 a 24 años;1 de enero de 2021;70
Total;28 Madrid;28094 Navalafuente;De 25 a 29 años;1 de enero de 2021;80
Total;28 Madrid;28094 Navalafuente;De 30 a 34 años;1 de enero de 2021;84
Total;28 Madrid;28094 Navalafuente;De 35 a 39 años;1 de enero de 2021;139
Total;28 Madrid;28094 Navalafuente;De 40 a 44 años;1 de enero de 2021;149
Total;28 Madrid;28094 Navalafuente;De 45 a 49 años;1 de enero de 2021;145
Total;28 Madrid;28094 Navalafuente;De 50 a 54 años;1 de enero de 2021;145
Total;28 Madrid;28094 Navalafuente;De 55 a 59 años;1 de enero de 2021;138
Total;28 Madrid;28094 Navalafuente;De 60 a 64 años;1 de enero de 2021;81
Total;28 Madrid;28094 Navalafuente;De 65 a 69 años;1 de enero de 2021;72
Total;28 Madrid;28094 Navalafuente;De 70 a 74 años  ;1 de enero de 2021;42
Total;28 Madrid;28094 Navalafuente;De 75 a 79 años  ;1 de enero de 2021;32
Total;28 Madrid;28094 Navalafuente;De 80 a 84 años  ;1 de enero de 2021;19
Total;28 Madrid;28094 Navalafuente;De 85 a 89 años  ;1 de enero de 2021;17
Total;28 Madrid;28094 Navalafuente;De 90 a 94 años  ;1 de enero de 2021;8
Total;28 Madrid;28094 Navalafuente;De 95 a 99 años  ;1 de enero de 2021;1
Total;28 Madrid;28094 Navalafuente;100 y más años;1 de enero de 2021;0
Total;28 Madrid;28097 Navarredonda y San Mamés;De 0 a 4 años;1 de enero de 2021;1
Total;28 Madrid;28097 Navarredonda y San Mamés;De 5 a 9 años;1 de enero de 2021;2
Total;28 Madrid;28097 Navarredonda y San Mamés;De 10 a 14 años  ;1 de enero de 2021;2
Total;28 Madrid;28097 Navarredonda y San Mamés;De 15 a 19 años  ;1 de enero de 2021;4
Total;28 Madrid;28097 Navarredonda y San Mamés;De 20 a 24 años;1 de enero de 2021;5
Total;28 Madrid;28097 Navarredonda y San Mamés;De 25 a 29 años;1 de enero de 2021;7
Total;28 Madrid;28097 Navarredonda y San Mamés;De 30 a 34 años;1 de enero de 2021;11
Total;28 Madrid;28097 Navarredonda y San Mamés;De 35 a 39 años;1 de enero de 2021;6
Total;28 Madrid;28097 Navarredonda y San Mamés;De 40 a 44 años;1 de enero de 2021;7
Total;28 Madrid;28097 Navarredonda y San Mamés;De 45 a 49 años;1 de enero de 2021;4
Total;28 Madrid;28097 Navarredonda y San Mamés;De 50 a 54 años;1 de enero de 2021;11
Total;28 Madrid;28097 Navarredonda y San Mamés;De 55 a 59 años;1 de enero de 2021;23
Total;28 Madrid;28097 Navarredonda y San Mamés;De 60 a 64 años;1 de enero de 2021;17
Total;28 Madrid;28097 Navarredonda y San Mamés;De 65 a 69 años;1 de enero de 2021;14
Total;28 Madrid;28097 Navarredonda y San Mamés;De 70 a 74 años  ;1 de enero de 2021;8
Total;28 Madrid;28097 Navarredonda y San Mamés;De 75 a 79 años  ;1 de enero de 2021;5
Total;28 Madrid;28097 Navarredonda y San Mamés;De 80 a 84 años  ;1 de enero de 2021;4
Total;28 Madrid;28097 Navarredonda y San Mamés;De 85 a 89 años  ;1 de enero de 2021;4
Total;28 Madrid;28097 Navarredonda y San Mamés;De 90 a 94 años  ;1 de enero de 2021;4
Total;28 Madrid;28097 Navarredonda y San Mamés;De 95 a 99 años  ;1 de enero de 2021;1
Total;28 Madrid;28097 Navarredonda y San Mamés;100 y más años;1 de enero de 2021;1
Total;28 Madrid;28107 Patones;De 0 a 4 años;1 de enero de 2021;26
Total;28 Madrid;28107 Patones;De 5 a 9 años;1 de enero de 2021;19
Total;28 Madrid;28107 Patones;De 10 a 14 años  ;1 de enero de 2021;23
Total;28 Madrid;28107 Patones;De 15 a 19 años  ;1 de enero de 2021;19
Total;28 Madrid;28107 Patones;De 20 a 24 años;1 de enero de 2021;14
Total;28 Madrid;28107 Patones;De 25 a 29 años;1 de enero de 2021;20
Total;28 Madrid;28107 Patones;De 30 a 34 años;1 de enero de 2021;29
Total;28 Madrid;28107 Patones;De 35 a 39 años;1 de enero de 2021;34
Total;28 Madrid;28107 Patones;De 40 a 44 años;1 de enero de 2021;42
Total;28 Madrid;28107 Patones;De 45 a 49 años;1 de enero de 2021;44
Total;28 Madrid;28107 Patones;De 50 a 54 años;1 de enero de 2021;34
Total;28 Madrid;28107 Patones;De 55 a 59 años;1 de enero de 2021;33
Total;28 Madrid;28107 Patones;De 60 a 64 años;1 de enero de 2021;37
Total;28 Madrid;28107 Patones;De 65 a 69 años;1 de enero de 2021;41
Total;28 Madrid;28107 Patones;De 70 a 74 años  ;1 de enero de 2021;32
Total;28 Madrid;28107 Patones;De 75 a 79 años  ;1 de enero de 2021;19
Total;28 Madrid;28107 Patones;De 80 a 84 años  ;1 de enero de 2021;17
Total;28 Madrid;28107 Patones;De 85 a 89 años  ;1 de enero de 2021;19
Total;28 Madrid;28107 Patones;De 90 a 94 años  ;1 de enero de 2021;18
Total;28 Madrid;28107 Patones;De 95 a 99 años  ;1 de enero de 2021;4
Total;28 Madrid;28107 Patones;100 y más años;1 de enero de 2021;0
Total;28 Madrid;28112 Pinilla del Valle;De 0 a 4 años;1 de enero de 2021;4
Total;28 Madrid;28112 Pinilla del Valle;De 5 a 9 años;1 de enero de 2021;7
Total;28 Madrid;28112 Pinilla del Valle;De 10 a 14 años  ;1 de enero de 2021;4
Total;28 Madrid;28112 Pinilla del Valle;De 15 a 19 años  ;1 de enero de 2021;7
Total;28 Madrid;28112 Pinilla del Valle;De 20 a 24 años;1 de enero de 2021;10
Total;28 Madrid;28112 Pinilla del Valle;De 25 a 29 años;1 de enero de 2021;11
Total;28 Madrid;28112 Pinilla del Valle;De 30 a 34 años;1 de enero de 2021;5
Total;28 Madrid;28112 Pinilla del Valle;De 35 a 39 años;1 de enero de 2021;14
Total;28 Madrid;28112 Pinilla del Valle;De 40 a 44 años;1 de enero de 2021;11
Total;28 Madrid;28112 Pinilla del Valle;De 45 a 49 años;1 de enero de 2021;16
Total;28 Madrid;28112 Pinilla del Valle;De 50 a 54 años;1 de enero de 2021;14
Total;28 Madrid;28112 Pinilla del Valle;De 55 a 59 años;1 de enero de 2021;18
Total;28 Madrid;28112 Pinilla del Valle;De 60 a 64 años;1 de enero de 2021;21
Total;28 Madrid;28112 Pinilla del Valle;De 65 a 69 años;1 de enero de 2021;10
Total;28 Madrid;28112 Pinilla del Valle;De 70 a 74 años  ;1 de enero de 2021;17
Total;28 Madrid;28112 Pinilla del Valle;De 75 a 79 años  ;1 de enero de 2021;10
Total;28 Madrid;28112 Pinilla del Valle;De 80 a 84 años  ;1 de enero de 2021;6
Total;28 Madrid;28112 Pinilla del Valle;De 85 a 89 años  ;1 de enero de 2021;7
Total;28 Madrid;28112 Pinilla del Valle;De 90 a 94 años  ;1 de enero de 2021;3
Total;28 Madrid;28112 Pinilla del Valle;De 95 a 99 años  ;1 de enero de 2021;1
Total;28 Madrid;28112 Pinilla del Valle;100 y más años;1 de enero de 2021;0
Total;28 Madrid;28114 Piñuécar-Gandullas;De 0 a 4 años;1 de enero de 2021;3
Total;28 Madrid;28114 Piñuécar-Gandullas;De 5 a 9 años;1 de enero de 2021;8
Total;28 Madrid;28114 Piñuécar-Gandullas;De 10 a 14 años  ;1 de enero de 2021;10
Total;28 Madrid;28114 Piñuécar-Gandullas;De 15 a 19 años  ;1 de enero de 2021;4
Total;28 Madrid;28114 Piñuécar-Gandullas;De 20 a 24 años;1 de enero de 2021;8
Total;28 Madrid;28114 Piñuécar-Gandullas;De 25 a 29 años;1 de enero de 2021;13
Total;28 Madrid;28114 Piñuécar-Gandullas;De 30 a 34 años;1 de enero de 2021;7
Total;28 Madrid;28114 Piñuécar-Gandullas;De 35 a 39 años;1 de enero de 2021;13
Total;28 Madrid;28114 Piñuécar-Gandullas;De 40 a 44 años;1 de enero de 2021;15
Total;28 Madrid;28114 Piñuécar-Gandullas;De 45 a 49 años;1 de enero de 2021;13
Total;28 Madrid;28114 Piñuécar-Gandullas;De 50 a 54 años;1 de enero de 2021;21
Total;28 Madrid;28114 Piñuécar-Gandullas;De 55 a 59 años;1 de enero de 2021;24
Total;28 Madrid;28114 Piñuécar-Gandullas;De 60 a 64 años;1 de enero de 2021;6
Total;28 Madrid;28114 Piñuécar-Gandullas;De 65 a 69 años;1 de enero de 2021;8
Total;28 Madrid;28114 Piñuécar-Gandullas;De 70 a 74 años  ;1 de enero de 2021;6
Total;28 Madrid;28114 Piñuécar-Gandullas;De 75 a 79 años  ;1 de enero de 2021;6
Total;28 Madrid;28114 Piñuécar-Gandullas;De 80 a 84 años  ;1 de enero de 2021;5
Total;28 Madrid;28114 Piñuécar-Gandullas;De 85 a 89 años  ;1 de enero de 2021;12
Total;28 Madrid;28114 Piñuécar-Gandullas;De 90 a 94 años  ;1 de enero de 2021;3
Total;28 Madrid;28114 Piñuécar-Gandullas;De 95 a 99 años  ;1 de enero de 2021;0
Total;28 Madrid;28114 Piñuécar-Gandullas;100 y más años;1 de enero de 2021;0
Total;28 Madrid;28117 Prádena del Rincón;De 0 a 4 años;1 de enero de 2021;3
Total;28 Madrid;28117 Prádena del Rincón;De 5 a 9 años;1 de enero de 2021;7
Total;28 Madrid;28117 Prádena del Rincón;De 10 a 14 años  ;1 de enero de 2021;14
Total;28 Madrid;28117 Prádena del Rincón;De 15 a 19 años  ;1 de enero de 2021;6
Total;28 Madrid;28117 Prádena del Rincón;De 20 a 24 años;1 de enero de 2021;5
Total;28 Madrid;28117 Prádena del Rincón;De 25 a 29 años;1 de enero de 2021;4
Total;28 Madrid;28117 Prádena del Rincón;De 30 a 34 años;1 de enero de 2021;8
Total;28 Madrid;28117 Prádena del Rincón;De 35 a 39 años;1 de enero de 2021;5
Total;28 Madrid;28117 Prádena del Rincón;De 40 a 44 años;1 de enero de 2021;18
Total;28 Madrid;28117 Prádena del Rincón;De 45 a 49 años;1 de enero de 2021;20
Total;28 Madrid;28117 Prádena del Rincón;De 50 a 54 años;1 de enero de 2021;10
Total;28 Madrid;28117 Prádena del Rincón;De 55 a 59 años;1 de enero de 2021;8
Total;28 Madrid;28117 Prádena del Rincón;De 60 a 64 años;1 de enero de 2021;9
Total;28 Madrid;28117 Prádena del Rincón;De 65 a 69 años;1 de enero de 2021;5
Total;28 Madrid;28117 Prádena del Rincón;De 70 a 74 años  ;1 de enero de 2021;4
Total;28 Madrid;28117 Prádena del Rincón;De 75 a 79 años  ;1 de enero de 2021;6
Total;28 Madrid;28117 Prádena del Rincón;De 80 a 84 años  ;1 de enero de 2021;3
Total;28 Madrid;28117 Prádena del Rincón;De 85 a 89 años  ;1 de enero de 2021;8
Total;28 Madrid;28117 Prádena del Rincón;De 90 a 94 años  ;1 de enero de 2021;6
Total;28 Madrid;28117 Prádena del Rincón;De 95 a 99 años  ;1 de enero de 2021;0
Total;28 Madrid;28117 Prádena del Rincón;100 y más años;1 de enero de 2021;0
Total;28 Madrid;28118 Puebla de la Sierra;De 0 a 4 años;1 de enero de 2021;2
Total;28 Madrid;28118 Puebla de la Sierra;De 5 a 9 años;1 de enero de 2021;1
Total;28 Madrid;28118 Puebla de la Sierra;De 10 a 14 años  ;1 de enero de 2021;1
Total;28 Madrid;28118 Puebla de la Sierra;De 15 a 19 años  ;1 de enero de 2021;1
Total;28 Madrid;28118 Puebla de la Sierra;De 20 a 24 años;1 de enero de 2021;0
Total;28 Madrid;28118 Puebla de la Sierra;De 25 a 29 años;1 de enero de 2021;4
Total;28 Madrid;28118 Puebla de la Sierra;De 30 a 34 años;1 de enero de 2021;7
Total;28 Madrid;28118 Puebla de la Sierra;De 35 a 39 años;1 de enero de 2021;6
Total;28 Madrid;28118 Puebla de la Sierra;De 40 a 44 años;1 de enero de 2021;5
Total;28 Madrid;28118 Puebla de la Sierra;De 45 a 49 años;1 de enero de 2021;11
Total;28 Madrid;28118 Puebla de la Sierra;De 50 a 54 años;1 de enero de 2021;4
Total;28 Madrid;28118 Puebla de la Sierra;De 55 a 59 años;1 de enero de 2021;10
Total;28 Madrid;28118 Puebla de la Sierra;De 60 a 64 años;1 de enero de 2021;3
Total;28 Madrid;28118 Puebla de la Sierra;De 65 a 69 años;1 de enero de 2021;10
Total;28 Madrid;28118 Puebla de la Sierra;De 70 a 74 años  ;1 de enero de 2021;5
Total;28 Madrid;28118 Puebla de la Sierra;De 75 a 79 años  ;1 de enero de 2021;2
Total;28 Madrid;28118 Puebla de la Sierra;De 80 a 84 años  ;1 de enero de 2021;1
Total;28 Madrid;28118 Puebla de la Sierra;De 85 a 89 años  ;1 de enero de 2021;1
Total;28 Madrid;28118 Puebla de la Sierra;De 90 a 94 años  ;1 de enero de 2021;0
Total;28 Madrid;28118 Puebla de la Sierra;De 95 a 99 años  ;1 de enero de 2021;1
Total;28 Madrid;28118 Puebla de la Sierra;100 y más años;1 de enero de 2021;0
Total;28 Madrid;28902 Puentes Viejas;De 0 a 4 años;1 de enero de 2021;19
Total;28 Madrid;28902 Puentes Viejas;De 5 a 9 años;1 de enero de 2021;40
Total;28 Madrid;28902 Puentes Viejas;De 10 a 14 años  ;1 de enero de 2021;42
Total;28 Madrid;28902 Puentes Viejas;De 15 a 19 años  ;1 de enero de 2021;24
Total;28 Madrid;28902 Puentes Viejas;De 20 a 24 años;1 de enero de 2021;28
Total;28 Madrid;28902 Puentes Viejas;De 25 a 29 años;1 de enero de 2021;25
Total;28 Madrid;28902 Puentes Viejas;De 30 a 34 años;1 de enero de 2021;30
Total;28 Madrid;28902 Puentes Viejas;De 35 a 39 años;1 de enero de 2021;48
Total;28 Madrid;28902 Puentes Viejas;De 40 a 44 años;1 de enero de 2021;81
Total;28 Madrid;28902 Puentes Viejas;De 45 a 49 años;1 de enero de 2021;60
Total;28 Madrid;28902 Puentes Viejas;De 50 a 54 años;1 de enero de 2021;60
Total;28 Madrid;28902 Puentes Viejas;De 55 a 59 años;1 de enero de 2021;68
Total;28 Madrid;28902 Puentes Viejas;De 60 a 64 años;1 de enero de 2021;47
Total;28 Madrid;28902 Puentes Viejas;De 65 a 69 años;1 de enero de 2021;32
Total;28 Madrid;28902 Puentes Viejas;De 70 a 74 años  ;1 de enero de 2021;47
Total;28 Madrid;28902 Puentes Viejas;De 75 a 79 años  ;1 de enero de 2021;23
Total;28 Madrid;28902 Puentes Viejas;De 80 a 84 años  ;1 de enero de 2021;21
Total;28 Madrid;28902 Puentes Viejas;De 85 a 89 años  ;1 de enero de 2021;15
Total;28 Madrid;28902 Puentes Viejas;De 90 a 94 años  ;1 de enero de 2021;7
Total;28 Madrid;28902 Puentes Viejas;De 95 a 99 años  ;1 de enero de 2021;1
Total;28 Madrid;28902 Puentes Viejas;100 y más años;1 de enero de 2021;1
Total;28 Madrid;28120 Rascafría;De 0 a 4 años;1 de enero de 2021;53
Total;28 Madrid;28120 Rascafría;De 5 a 9 años;1 de enero de 2021;49
Total;28 Madrid;28120 Rascafría;De 10 a 14 años  ;1 de enero de 2021;55
Total;28 Madrid;28120 Rascafría;De 15 a 19 años  ;1 de enero de 2021;62
Total;28 Madrid;28120 Rascafría;De 20 a 24 años;1 de enero de 2021;80
Total;28 Madrid;28120 Rascafría;De 25 a 29 años;1 de enero de 2021;88
Total;28 Madrid;28120 Rascafría;De 30 a 34 años;1 de enero de 2021;116
Total;28 Madrid;28120 Rascafría;De 35 a 39 años;1 de enero de 2021;95
Total;28 Madrid;28120 Rascafría;De 40 a 44 años;1 de enero de 2021;118
Total;28 Madrid;28120 Rascafría;De 45 a 49 años;1 de enero de 2021;121
Total;28 Madrid;28120 Rascafría;De 50 a 54 años;1 de enero de 2021;156
Total;28 Madrid;28120 Rascafría;De 55 a 59 años;1 de enero de 2021;168
Total;28 Madrid;28120 Rascafría;De 60 a 64 años;1 de enero de 2021;159
Total;28 Madrid;28120 Rascafría;De 65 a 69 años;1 de enero de 2021;137
Total;28 Madrid;28120 Rascafría;De 70 a 74 años  ;1 de enero de 2021;91
Total;28 Madrid;28120 Rascafría;De 75 a 79 años  ;1 de enero de 2021;80
Total;28 Madrid;28120 Rascafría;De 80 a 84 años  ;1 de enero de 2021;48
Total;28 Madrid;28120 Rascafría;De 85 a 89 años  ;1 de enero de 2021;45
Total;28 Madrid;28120 Rascafría;De 90 a 94 años  ;1 de enero de 2021;26
Total;28 Madrid;28120 Rascafría;De 95 a 99 años  ;1 de enero de 2021;7
Total;28 Madrid;28120 Rascafría;100 y más años;1 de enero de 2021;0
Total;28 Madrid;28121 Redueña;De 0 a 4 años;1 de enero de 2021;10
Total;28 Madrid;28121 Redueña;De 5 a 9 años;1 de enero de 2021;11
Total;28 Madrid;28121 Redueña;De 10 a 14 años  ;1 de enero de 2021;14
Total;28 Madrid;28121 Redueña;De 15 a 19 años  ;1 de enero de 2021;20
Total;28 Madrid;28121 Redueña;De 20 a 24 años;1 de enero de 2021;11
Total;28 Madrid;28121 Redueña;De 25 a 29 años;1 de enero de 2021;13
Total;28 Madrid;28121 Redueña;De 30 a 34 años;1 de enero de 2021;19
Total;28 Madrid;28121 Redueña;De 35 a 39 años;1 de enero de 2021;22
Total;28 Madrid;28121 Redueña;De 40 a 44 años;1 de enero de 2021;25
Total;28 Madrid;28121 Redueña;De 45 a 49 años;1 de enero de 2021;32
Total;28 Madrid;28121 Redueña;De 50 a 54 años;1 de enero de 2021;29
Total;28 Madrid;28121 Redueña;De 55 a 59 años;1 de enero de 2021;23
Total;28 Madrid;28121 Redueña;De 60 a 64 años;1 de enero de 2021;12
Total;28 Madrid;28121 Redueña;De 65 a 69 años;1 de enero de 2021;13
Total;28 Madrid;28121 Redueña;De 70 a 74 años  ;1 de enero de 2021;10
Total;28 Madrid;28121 Redueña;De 75 a 79 años  ;1 de enero de 2021;14
Total;28 Madrid;28121 Redueña;De 80 a 84 años  ;1 de enero de 2021;12
Total;28 Madrid;28121 Redueña;De 85 a 89 años  ;1 de enero de 2021;4
Total;28 Madrid;28121 Redueña;De 90 a 94 años  ;1 de enero de 2021;0
Total;28 Madrid;28121 Redueña;De 95 a 99 años  ;1 de enero de 2021;0
Total;28 Madrid;28121 Redueña;100 y más años;1 de enero de 2021;0
Total;28 Madrid;28124 Robledillo de la Jara;De 0 a 4 años;1 de enero de 2021;0
Total;28 Madrid;28124 Robledillo de la Jara;De 5 a 9 años;1 de enero de 2021;0
Total;28 Madrid;28124 Robledillo de la Jara;De 10 a 14 años  ;1 de enero de 2021;4
Total;28 Madrid;28124 Robledillo de la Jara;De 15 a 19 años  ;1 de enero de 2021;9
Total;28 Madrid;28124 Robledillo de la Jara;De 20 a 24 años;1 de enero de 2021;4
Total;28 Madrid;28124 Robledillo de la Jara;De 25 a 29 años;1 de enero de 2021;1
Total;28 Madrid;28124 Robledillo de la Jara;De 30 a 34 años;1 de enero de 2021;3
Total;28 Madrid;28124 Robledillo de la Jara;De 35 a 39 años;1 de enero de 2021;2
Total;28 Madrid;28124 Robledillo de la Jara;De 40 a 44 años;1 de enero de 2021;9
Total;28 Madrid;28124 Robledillo de la Jara;De 45 a 49 años;1 de enero de 2021;8
Total;28 Madrid;28124 Robledillo de la Jara;De 50 a 54 años;1 de enero de 2021;8
Total;28 Madrid;28124 Robledillo de la Jara;De 55 a 59 años;1 de enero de 2021;8
Total;28 Madrid;28124 Robledillo de la Jara;De 60 a 64 años;1 de enero de 2021;8
Total;28 Madrid;28124 Robledillo de la Jara;De 65 a 69 años;1 de enero de 2021;5
Total;28 Madrid;28124 Robledillo de la Jara;De 70 a 74 años  ;1 de enero de 2021;7
Total;28 Madrid;28124 Robledillo de la Jara;De 75 a 79 años  ;1 de enero de 2021;5
Total;28 Madrid;28124 Robledillo de la Jara;De 80 a 84 años  ;1 de enero de 2021;9
Total;28 Madrid;28124 Robledillo de la Jara;De 85 a 89 años  ;1 de enero de 2021;3
Total;28 Madrid;28124 Robledillo de la Jara;De 90 a 94 años  ;1 de enero de 2021;4
Total;28 Madrid;28124 Robledillo de la Jara;De 95 a 99 años  ;1 de enero de 2021;0
Total;28 Madrid;28124 Robledillo de la Jara;100 y más años;1 de enero de 2021;0
Total;28 Madrid;28126 Robregordo;De 0 a 4 años;1 de enero de 2021;4
Total;28 Madrid;28126 Robregordo;De 5 a 9 años;1 de enero de 2021;2
Total;28 Madrid;28126 Robregordo;De 10 a 14 años  ;1 de enero de 2021;1
Total;28 Madrid;28126 Robregordo;De 15 a 19 años  ;1 de enero de 2021;0
Total;28 Madrid;28126 Robregordo;De 20 a 24 años;1 de enero de 2021;1
Total;28 Madrid;28126 Robregordo;De 25 a 29 años;1 de enero de 2021;6
Total;28 Madrid;28126 Robregordo;De 30 a 34 años;1 de enero de 2021;5
Total;28 Madrid;28126 Robregordo;De 35 a 39 años;1 de enero de 2021;7
Total;28 Madrid;28126 Robregordo;De 40 a 44 años;1 de enero de 2021;7
Total;28 Madrid;28126 Robregordo;De 45 a 49 años;1 de enero de 2021;6
Total;28 Madrid;28126 Robregordo;De 50 a 54 años;1 de enero de 2021;2
Total;28 Madrid;28126 Robregordo;De 55 a 59 años;1 de enero de 2021;2
Total;28 Madrid;28126 Robregordo;De 60 a 64 años;1 de enero de 2021;3
Total;28 Madrid;28126 Robregordo;De 65 a 69 años;1 de enero de 2021;6
Total;28 Madrid;28126 Robregordo;De 70 a 74 años  ;1 de enero de 2021;4
Total;28 Madrid;28126 Robregordo;De 75 a 79 años  ;1 de enero de 2021;3
Total;28 Madrid;28126 Robregordo;De 80 a 84 años  ;1 de enero de 2021;4
Total;28 Madrid;28126 Robregordo;De 85 a 89 años  ;1 de enero de 2021;6
Total;28 Madrid;28126 Robregordo;De 90 a 94 años  ;1 de enero de 2021;2
Total;28 Madrid;28126 Robregordo;De 95 a 99 años  ;1 de enero de 2021;0
Total;28 Madrid;28126 Robregordo;100 y más años;1 de enero de 2021;0
Total;28 Madrid;28138 Serna del Monte, La;De 0 a 4 años;1 de enero de 2021;7
Total;28 Madrid;28138 Serna del Monte, La;De 5 a 9 años;1 de enero de 2021;2
Total;28 Madrid;28138 Serna del Monte, La;De 10 a 14 años  ;1 de enero de 2021;3
Total;28 Madrid;28138 Serna del Monte, La;De 15 a 19 años  ;1 de enero de 2021;4
Total;28 Madrid;28138 Serna del Monte, La;De 20 a 24 años;1 de enero de 2021;3
Total;28 Madrid;28138 Serna del Monte, La;De 25 a 29 años;1 de enero de 2021;10
Total;28 Madrid;28138 Serna del Monte, La;De 30 a 34 años;1 de enero de 2021;4
Total;28 Madrid;28138 Serna del Monte, La;De 35 a 39 años;1 de enero de 2021;9
Total;28 Madrid;28138 Serna del Monte, La;De 40 a 44 años;1 de enero de 2021;9
Total;28 Madrid;28138 Serna del Monte, La;De 45 a 49 años;1 de enero de 2021;4
Total;28 Madrid;28138 Serna del Monte, La;De 50 a 54 años;1 de enero de 2021;6
Total;28 Madrid;28138 Serna del Monte, La;De 55 a 59 años;1 de enero de 2021;8
Total;28 Madrid;28138 Serna del Monte, La;De 60 a 64 años;1 de enero de 2021;13
Total;28 Madrid;28138 Serna del Monte, La;De 65 a 69 años;1 de enero de 2021;7
Total;28 Madrid;28138 Serna del Monte, La;De 70 a 74 años  ;1 de enero de 2021;3
Total;28 Madrid;28138 Serna del Monte, La;De 75 a 79 años  ;1 de enero de 2021;2
Total;28 Madrid;28138 Serna del Monte, La;De 80 a 84 años  ;1 de enero de 2021;1
Total;28 Madrid;28138 Serna del Monte, La;De 85 a 89 años  ;1 de enero de 2021;1
Total;28 Madrid;28138 Serna del Monte, La;De 90 a 94 años  ;1 de enero de 2021;0
Total;28 Madrid;28138 Serna del Monte, La;De 95 a 99 años  ;1 de enero de 2021;0
Total;28 Madrid;28138 Serna del Monte, La;100 y más años;1 de enero de 2021;0
Total;28 Madrid;28143 Somosierra;De 0 a 4 años;1 de enero de 2021;0
Total;28 Madrid;28143 Somosierra;De 5 a 9 años;1 de enero de 2021;1
Total;28 Madrid;28143 Somosierra;De 10 a 14 años  ;1 de enero de 2021;2
Total;28 Madrid;28143 Somosierra;De 15 a 19 años  ;1 de enero de 2021;2
Total;28 Madrid;28143 Somosierra;De 20 a 24 años;1 de enero de 2021;4
Total;28 Madrid;28143 Somosierra;De 25 a 29 años;1 de enero de 2021;6
Total;28 Madrid;28143 Somosierra;De 30 a 34 años;1 de enero de 2021;11
Total;28 Madrid;28143 Somosierra;De 35 a 39 años;1 de enero de 2021;2
Total;28 Madrid;28143 Somosierra;De 40 a 44 años;1 de enero de 2021;4
Total;28 Madrid;28143 Somosierra;De 45 a 49 años;1 de enero de 2021;9
Total;28 Madrid;28143 Somosierra;De 50 a 54 años;1 de enero de 2021;5
Total;28 Madrid;28143 Somosierra;De 55 a 59 años;1 de enero de 2021;11
Total;28 Madrid;28143 Somosierra;De 60 a 64 años;1 de enero de 2021;6
Total;28 Madrid;28143 Somosierra;De 65 a 69 años;1 de enero de 2021;7
Total;28 Madrid;28143 Somosierra;De 70 a 74 años  ;1 de enero de 2021;3
Total;28 Madrid;28143 Somosierra;De 75 a 79 años  ;1 de enero de 2021;2
Total;28 Madrid;28143 Somosierra;De 80 a 84 años  ;1 de enero de 2021;4
Total;28 Madrid;28143 Somosierra;De 85 a 89 años  ;1 de enero de 2021;3
Total;28 Madrid;28143 Somosierra;De 90 a 94 años  ;1 de enero de 2021;4
Total;28 Madrid;28143 Somosierra;De 95 a 99 años  ;1 de enero de 2021;1
Total;28 Madrid;28143 Somosierra;100 y más años;1 de enero de 2021;0
Total;28 Madrid;28151 Torrelaguna;De 0 a 4 años;1 de enero de 2021;221
Total;28 Madrid;28151 Torrelaguna;De 5 a 9 años;1 de enero de 2021;269
Total;28 Madrid;28151 Torrelaguna;De 10 a 14 años  ;1 de enero de 2021;329
Total;28 Madrid;28151 Torrelaguna;De 15 a 19 años  ;1 de enero de 2021;262
Total;28 Madrid;28151 Torrelaguna;De 20 a 24 años;1 de enero de 2021;242
Total;28 Madrid;28151 Torrelaguna;De 25 a 29 años;1 de enero de 2021;221
Total;28 Madrid;28151 Torrelaguna;De 30 a 34 años;1 de enero de 2021;260
Total;28 Madrid;28151 Torrelaguna;De 35 a 39 años;1 de enero de 2021;364
Total;28 Madrid;28151 Torrelaguna;De 40 a 44 años;1 de enero de 2021;415
Total;28 Madrid;28151 Torrelaguna;De 45 a 49 años;1 de enero de 2021;475
Total;28 Madrid;28151 Torrelaguna;De 50 a 54 años;1 de enero de 2021;418
Total;28 Madrid;28151 Torrelaguna;De 55 a 59 años;1 de enero de 2021;337
Total;28 Madrid;28151 Torrelaguna;De 60 a 64 años;1 de enero de 2021;298
Total;28 Madrid;28151 Torrelaguna;De 65 a 69 años;1 de enero de 2021;212
Total;28 Madrid;28151 Torrelaguna;De 70 a 74 años  ;1 de enero de 2021;173
Total;28 Madrid;28151 Torrelaguna;De 75 a 79 años  ;1 de enero de 2021;134
Total;28 Madrid;28151 Torrelaguna;De 80 a 84 años  ;1 de enero de 2021;116
Total;28 Madrid;28151 Torrelaguna;De 85 a 89 años  ;1 de enero de 2021;78
Total;28 Madrid;28151 Torrelaguna;De 90 a 94 años  ;1 de enero de 2021;56
Total;28 Madrid;28151 Torrelaguna;De 95 a 99 años  ;1 de enero de 2021;14
Total;28 Madrid;28151 Torrelaguna;100 y más años;1 de enero de 2021;3
Total;28 Madrid;28153 Torremocha de Jarama;De 0 a 4 años;1 de enero de 2021;39
Total;28 Madrid;28153 Torremocha de Jarama;De 5 a 9 años;1 de enero de 2021;46
Total;28 Madrid;28153 Torremocha de Jarama;De 10 a 14 años  ;1 de enero de 2021;53
Total;28 Madrid;28153 Torremocha de Jarama;De 15 a 19 años  ;1 de enero de 2021;73
Total;28 Madrid;28153 Torremocha de Jarama;De 20 a 24 años;1 de enero de 2021;47
Total;28 Madrid;28153 Torremocha de Jarama;De 25 a 29 años;1 de enero de 2021;30
Total;28 Madrid;28153 Torremocha de Jarama;De 30 a 34 años;1 de enero de 2021;52
Total;28 Madrid;28153 Torremocha de Jarama;De 35 a 39 años;1 de enero de 2021;52
Total;28 Madrid;28153 Torremocha de Jarama;De 40 a 44 años;1 de enero de 2021;91
Total;28 Madrid;28153 Torremocha de Jarama;De 45 a 49 años;1 de enero de 2021;83
Total;28 Madrid;28153 Torremocha de Jarama;De 50 a 54 años;1 de enero de 2021;94
Total;28 Madrid;28153 Torremocha de Jarama;De 55 a 59 años;1 de enero de 2021;65
Total;28 Madrid;28153 Torremocha de Jarama;De 60 a 64 años;1 de enero de 2021;61
Total;28 Madrid;28153 Torremocha de Jarama;De 65 a 69 años;1 de enero de 2021;57
Total;28 Madrid;28153 Torremocha de Jarama;De 70 a 74 años  ;1 de enero de 2021;49
Total;28 Madrid;28153 Torremocha de Jarama;De 75 a 79 años  ;1 de enero de 2021;54
Total;28 Madrid;28153 Torremocha de Jarama;De 80 a 84 años  ;1 de enero de 2021;44
Total;28 Madrid;28153 Torremocha de Jarama;De 85 a 89 años  ;1 de enero de 2021;42
Total;28 Madrid;28153 Torremocha de Jarama;De 90 a 94 años  ;1 de enero de 2021;30
Total;28 Madrid;28153 Torremocha de Jarama;De 95 a 99 años  ;1 de enero de 2021;15
Total;28 Madrid;28153 Torremocha de Jarama;100 y más años;1 de enero de 2021;2
Total;28 Madrid;28158 Valdemanco;De 0 a 4 años;1 de enero de 2021;36
Total;28 Madrid;28158 Valdemanco;De 5 a 9 años;1 de enero de 2021;60
Total;28 Madrid;28158 Valdemanco;De 10 a 14 años  ;1 de enero de 2021;58
Total;28 Madrid;28158 Valdemanco;De 15 a 19 años  ;1 de enero de 2021;49
Total;28 Madrid;28158 Valdemanco;De 20 a 24 años;1 de enero de 2021;36
Total;28 Madrid;28158 Valdemanco;De 25 a 29 años;1 de enero de 2021;43
Total;28 Madrid;28158 Valdemanco;De 30 a 34 años;1 de enero de 2021;35
Total;28 Madrid;28158 Valdemanco;De 35 a 39 años;1 de enero de 2021;65
Total;28 Madrid;28158 Valdemanco;De 40 a 44 años;1 de enero de 2021;115
Total;28 Madrid;28158 Valdemanco;De 45 a 49 años;1 de enero de 2021;109
Total;28 Madrid;28158 Valdemanco;De 50 a 54 años;1 de enero de 2021;79
Total;28 Madrid;28158 Valdemanco;De 55 a 59 años;1 de enero de 2021;69
Total;28 Madrid;28158 Valdemanco;De 60 a 64 años;1 de enero de 2021;50
Total;28 Madrid;28158 Valdemanco;De 65 a 69 años;1 de enero de 2021;45
Total;28 Madrid;28158 Valdemanco;De 70 a 74 años  ;1 de enero de 2021;57
Total;28 Madrid;28158 Valdemanco;De 75 a 79 años  ;1 de enero de 2021;46
Total;28 Madrid;28158 Valdemanco;De 80 a 84 años  ;1 de enero de 2021;27
Total;28 Madrid;28158 Valdemanco;De 85 a 89 años  ;1 de enero de 2021;21
Total;28 Madrid;28158 Valdemanco;De 90 a 94 años  ;1 de enero de 2021;9
Total;28 Madrid;28158 Valdemanco;De 95 a 99 años  ;1 de enero de 2021;2
Total;28 Madrid;28158 Valdemanco;100 y más años;1 de enero de 2021;1
Total;28 Madrid;28168 Vellón, El;De 0 a 4 años;1 de enero de 2021;111
Total;28 Madrid;28168 Vellón, El;De 5 a 9 años;1 de enero de 2021;107
Total;28 Madrid;28168 Vellón, El;De 10 a 14 años  ;1 de enero de 2021;101
Total;28 Madrid;28168 Vellón, El;De 15 a 19 años  ;1 de enero de 2021;94
Total;28 Madrid;28168 Vellón, El;De 20 a 24 años;1 de enero de 2021;92
Total;28 Madrid;28168 Vellón, El;De 25 a 29 años;1 de enero de 2021;109
Total;28 Madrid;28168 Vellón, El;De 30 a 34 años;1 de enero de 2021;132
Total;28 Madrid;28168 Vellón, El;De 35 a 39 años;1 de enero de 2021;184
Total;28 Madrid;28168 Vellón, El;De 40 a 44 años;1 de enero de 2021;232
Total;28 Madrid;28168 Vellón, El;De 45 a 49 años;1 de enero de 2021;204
Total;28 Madrid;28168 Vellón, El;De 50 a 54 años;1 de enero de 2021;177
Total;28 Madrid;28168 Vellón, El;De 55 a 59 años;1 de enero de 2021;111
Total;28 Madrid;28168 Vellón, El;De 60 a 64 años;1 de enero de 2021;88
Total;28 Madrid;28168 Vellón, El;De 65 a 69 años;1 de enero de 2021;85
Total;28 Madrid;28168 Vellón, El;De 70 a 74 años  ;1 de enero de 2021;92
Total;28 Madrid;28168 Vellón, El;De 75 a 79 años  ;1 de enero de 2021;64
Total;28 Madrid;28168 Vellón, El;De 80 a 84 años  ;1 de enero de 2021;41
Total;28 Madrid;28168 Vellón, El;De 85 a 89 años  ;1 de enero de 2021;34
Total;28 Madrid;28168 Vellón, El;De 90 a 94 años  ;1 de enero de 2021;19
Total;28 Madrid;28168 Vellón, El;De 95 a 99 años  ;1 de enero de 2021;6
Total;28 Madrid;28168 Vellón, El;100 y más años;1 de enero de 2021;0
Total;28 Madrid;28169 Venturada;De 0 a 4 años;1 de enero de 2021;104
Total;28 Madrid;28169 Venturada;De 5 a 9 años;1 de enero de 2021;131
Total;28 Madrid;28169 Venturada;De 10 a 14 años  ;1 de enero de 2021;134
Total;28 Madrid;28169 Venturada;De 15 a 19 años  ;1 de enero de 2021;158
Total;28 Madrid;28169 Venturada;De 20 a 24 años;1 de enero de 2021;145
Total;28 Madrid;28169 Venturada;De 25 a 29 años;1 de enero de 2021;97
Total;28 Madrid;28169 Venturada;De 30 a 34 años;1 de enero de 2021;95
Total;28 Madrid;28169 Venturada;De 35 a 39 años;1 de enero de 2021;121
Total;28 Madrid;28169 Venturada;De 40 a 44 años;1 de enero de 2021;201
Total;28 Madrid;28169 Venturada;De 45 a 49 años;1 de enero de 2021;270
Total;28 Madrid;28169 Venturada;De 50 a 54 años;1 de enero de 2021;254
Total;28 Madrid;28169 Venturada;De 55 a 59 años;1 de enero de 2021;219
Total;28 Madrid;28169 Venturada;De 60 a 64 años;1 de enero de 2021;139
Total;28 Madrid;28169 Venturada;De 65 a 69 años;1 de enero de 2021;82
Total;28 Madrid;28169 Venturada;De 70 a 74 años  ;1 de enero de 2021;92
Total;28 Madrid;28169 Venturada;De 75 a 79 años  ;1 de enero de 2021;68
Total;28 Madrid;28169 Venturada;De 80 a 84 años  ;1 de enero de 2021;37
Total;28 Madrid;28169 Venturada;De 85 a 89 años  ;1 de enero de 2021;24
Total;28 Madrid;28169 Venturada;De 90 a 94 años  ;1 de enero de 2021;9
Total;28 Madrid;28169 Venturada;De 95 a 99 años  ;1 de enero de 2021;5
Total;28 Madrid;28169 Venturada;100 y más años;1 de enero de 2021;2
Total;28 Madrid;28182 Villavieja del Lozoya;De 0 a 4 años;1 de enero de 2021;9
Total;28 Madrid;28182 Villavieja del Lozoya;De 5 a 9 años;1 de enero de 2021;8
Total;28 Madrid;28182 Villavieja del Lozoya;De 10 a 14 años  ;1 de enero de 2021;8
Total;28 Madrid;28182 Villavieja del Lozoya;De 15 a 19 años  ;1 de enero de 2021;15
Total;28 Madrid;28182 Villavieja del Lozoya;De 20 a 24 años;1 de enero de 2021;19
Total;28 Madrid;28182 Villavieja del Lozoya;De 25 a 29 años;1 de enero de 2021;12
Total;28 Madrid;28182 Villavieja del Lozoya;De 30 a 34 años;1 de enero de 2021;7
Total;28 Madrid;28182 Villavieja del Lozoya;De 35 a 39 años;1 de enero de 2021;15
Total;28 Madrid;28182 Villavieja del Lozoya;De 40 a 44 años;1 de enero de 2021;14
Total;28 Madrid;28182 Villavieja del Lozoya;De 45 a 49 años;1 de enero de 2021;23
Total;28 Madrid;28182 Villavieja del Lozoya;De 50 a 54 años;1 de enero de 2021;40
Total;28 Madrid;28182 Villavieja del Lozoya;De 55 a 59 años;1 de enero de 2021;19
Total;28 Madrid;28182 Villavieja del Lozoya;De 60 a 64 años;1 de enero de 2021;31
Total;28 Madrid;28182 Villavieja del Lozoya;De 65 a 69 años;1 de enero de 2021;13
Total;28 Madrid;28182 Villavieja del Lozoya;De 70 a 74 años  ;1 de enero de 2021;15
Total;28 Madrid;28182 Villavieja del Lozoya;De 75 a 79 años  ;1 de enero de 2021;11
Total;28 Madrid;28182 Villavieja del Lozoya;De 80 a 84 años  ;1 de enero de 2021;9
Total;28 Madrid;28182 Villavieja del Lozoya;De 85 a 89 años  ;1 de enero de 2021;4
Total;28 Madrid;28182 Villavieja del Lozoya;De 90 a 94 años  ;1 de enero de 2021;3
Total;28 Madrid;28182 Villavieja del Lozoya;De 95 a 99 años  ;1 de enero de 2021;1
Total;28 Madrid;28182 Villavieja del Lozoya;100 y más años;1 de enero de 2021;0
